usuario_id,nombre,pais,ciudad
101,Luis Rodriguez,Colombia,Cali
102,Luis Gomez,Colombia,Medellin
103,Pedro Martinez,Colombia,Bogota
104,Ana Sanchez,Colombia,Medellin
105,Maria Martinez,Colombia,Medellin
106,Diego Perez,Chile,Santiago
107,Sofia Martinez,Chile,Concepcion
108,Elena Rodriguez,Argentina,Rosario
109,Carlos Ruiz,Chile,Valparaiso
110,Ana Rodriguez,Colombia,Medellin
111,Ana Martinez,Colombia,Cali
112,Diego Rodriguez,Colombia,Cali
113,Ana Martinez,Argentina,Rosario
114,Luis Sanchez,Colombia,Bogota
115,Diego Gomez,Venezuela,Maracaibo
116,Ana Perez,Colombia,Cali
117,Pedro Rodriguez,Chile,Valparaiso
118,Carlos Perez,Argentina,Cordoba
119,Laura Ruiz,Mexico,Guadalajara
120,Sofia Gomez,Mexico,Ciudad de Mexico
121,Elena Sanchez,Colombia,Medellin
122,Pedro Martinez,Chile,Santiago
123,Diego Fernandez,Mexico,Monterrey
124,Javier Rodriguez,Venezuela,Maracaibo
125,Javier Gomez,Mexico,Monterrey
126,Laura Fernandez,Venezuela,Valencia
127,Sofia Gomez,Colombia,Cali
128,Laura Ruiz,Chile,Valparaiso
129,Pedro Sanchez,Mexico,Monterrey
130,Elena Sanchez,Colombia,Medellin
131,Sofia Fernandez,Venezuela,Valencia
132,Diego Fernandez,Argentina,Buenos Aires
133,Maria Rodriguez,Mexico,Guadalajara
134,Sofia Perez,Chile,Santiago
135,Elena Torres,Venezuela,Valencia
136,Laura Perez,Mexico,Guadalajara
137,Ana Perez,Chile,Valparaiso
138,Elena Rodriguez,Chile,Valparaiso
139,Laura Rodriguez,Argentina,Rosario
140,Diego Fernandez,Venezuela,Valencia
141,Elena Perez,Colombia,Bogota
142,Diego Torres,Chile,Concepcion
143,Diego Torres,Colombia,Medellin
144,Laura Gomez,Venezuela,Valencia
145,Laura Sanchez,Mexico,Monterrey
146,Laura Torres,Colombia,Medellin
147,Javier Fernandez,Argentina,Cordoba
148,Ana Ruiz,Venezuela,Valencia
149,Diego Torres,Argentina,Cordoba
150,Carlos Perez,Venezuela,Valencia
151,Ana Rodriguez,Mexico,Ciudad de Mexico
152,Carlos Torres,Chile,Concepcion
153,Pedro Rodriguez,Mexico,Monterrey
154,Pedro Gomez,Argentina,Rosario
155,Carlos Sanchez,Venezuela,Caracas
156,Javier Perez,Argentina,Buenos Aires
157,Maria Fernandez,Mexico,Monterrey
158,Luis Fernandez,Chile,Concepcion
159,Ana Perez,Mexico,Guadalajara
160,Luis Gomez,Colombia,Bogota
161,Diego Torres,Colombia,Medellin
162,Diego Martinez,Mexico,Monterrey
163,Sofia Martinez,Argentina,Buenos Aires
164,Laura Gomez,Venezuela,Caracas
165,Laura Martinez,Mexico,Guadalajara
166,Diego Rodriguez,Argentina,Rosario
167,Ana Sanchez,Mexico,Ciudad de Mexico
168,Sofia Fernandez,Argentina,Buenos Aires
169,Maria Sanchez,Colombia,Medellin
170,Sofia Perez,Argentina,Buenos Aires
171,Diego Rodriguez,Argentina,Cordoba
172,Sofia Rodriguez,Venezuela,Maracaibo
173,Ana Sanchez,Argentina,Buenos Aires
174,Laura Fernandez,Mexico,Guadalajara
175,Ana Torres,Argentina,Buenos Aires
176,Maria Gomez,Mexico,Ciudad de Mexico
177,Diego Fernandez,Mexico,Guadalajara
178,Diego Martinez,Argentina,Rosario
179,Laura Fernandez,Venezuela,Maracaibo
180,Laura Ruiz,Venezuela,Caracas
181,Laura Fernandez,Argentina,Buenos Aires
182,Carlos Rodriguez,Argentina,Rosario
183,Javier Ruiz,Chile,Valparaiso
184,Ana Torres,Argentina,Rosario
185,Diego Martinez,Argentina,Buenos Aires
186,Ana Rodriguez,Argentina,Buenos Aires
187,Carlos Ruiz,Colombia,Cali
188,Sofia Perez,Mexico,Ciudad de Mexico
189,Diego Sanchez,Chile,Valparaiso
190,Elena Torres,Venezuela,Caracas
191,Luis Rodriguez,Colombia,Bogota
192,Pedro Perez,Chile,Santiago
193,Maria Ruiz,Chile,Santiago
194,Elena Torres,Chile,Valparaiso
195,Maria Sanchez,Mexico,Monterrey
196,Diego Martinez,Mexico,Monterrey
197,Luis Torres,Argentina,Cordoba
198,Maria Perez,Argentina,Rosario
199,Ana Torres,Chile,Valparaiso
200,Laura Ruiz,Argentina,Buenos Aires
